ALTER TABLE public.expenses ADD COLUMN IF NOT EXISTS box_id uuid REFERENCES public.boxes(id);
INSERT INTO public.plans (id, name, price, box_id) VALUES ('92ef65fb-d12b-42c6-84a4-09d2d5a3d9ca', 'Basic', 78, 'fd14f401-d8a0-4ec3-b36e-e1c74676ab9e') ON CONFLICT (id) DO NOTHING;
INSERT INTO public.plans (id, name, price, box_id) VALUES ('882266f7-c4a8-43b6-81e6-00f87c1337a4', 'Standard', 95, 'fd14f401-d8a0-4ec3-b36e-e1c74676ab9e') ON CONFLICT (id) DO NOTHING;
INSERT INTO public.plans (id, name, price, box_id) VALUES ('be718bc2-3616-4c6f-9990-ea37fa4bcffc', 'Premium', 140, 'fd14f401-d8a0-4ec3-b36e-e1c74676ab9e') ON CONFLICT (id) DO NOTHING;
INSERT INTO public.plans (id, name, price, box_id) VALUES ('1b4f61a0-ee4c-483f-937f-713babecd760', 'Elite', 137, 'fd14f401-d8a0-4ec3-b36e-e1c74676ab9e') ON CONFLICT (id) DO NOTHING;
INSERT INTO public.plans (id, name, price, box_id) VALUES ('ba6a1085-2ee5-4dbb-bfac-ef9ad5baa785', 'CrossFit Only', 140, 'fd14f401-d8a0-4ec3-b36e-e1c74676ab9e') ON CONFLICT (id) DO NOTHING;
INSERT INTO public.profiles (id, first_name, last_name, email, role_id, box_id, status) VALUES ('a476e39d-5210-48aa-9b84-5ad7b29563ed', 'Lucia', 'Ortiz', 'lucia.ortiz.0@example.com', 'athlete', 'fd14f401-d8a0-4ec3-b36e-e1c74676ab9e', 'active') ON CONFLICT (id) DO NOTHING;
INSERT INTO public.profiles (id, first_name, last_name, email, role_id, box_id, status) VALUES ('04f66a3e-1a27-48aa-8a33-d4c073e15e9e', 'Jorge', 'Castillo', 'jorge.castillo.1@example.com', 'athlete', 'fd14f401-d8a0-4ec3-b36e-e1c74676ab9e', 'active') ON CONFLICT (id) DO NOTHING;
INSERT INTO public.profiles (id, first_name, last_name, email, role_id, box_id, status) VALUES ('001615b0-5d94-4fa2-96bd-d96c64db86a5', 'Rosa', 'Perez', 'rosa.perez.2@example.com', 'athlete', 'fd14f401-d8a0-4ec3-b36e-e1c74676ab9e', 'active') ON CONFLICT (id) DO NOTHING;
INSERT INTO public.profiles (id, first_name, last_name, email, role_id, box_id, status) VALUES ('88e4a2d6-2767-4935-9a7f-a4af2aba14e8', 'Rosa', 'Sanchez', 'rosa.sanchez.3@example.com', 'athlete', 'fd14f401-d8a0-4ec3-b36e-e1c74676ab9e', 'active') ON CONFLICT (id) DO NOTHING;
INSERT INTO public.profiles (id, first_name, last_name, email, role_id, box_id, status) VALUES ('48d72d72-2293-4253-ba54-e95d3ea61fc5', 'Sofia', 'Torres', 'sofia.torres.4@example.com', 'athlete', 'fd14f401-d8a0-4ec3-b36e-e1c74676ab9e', 'active') ON CONFLICT (id) DO NOTHING;
INSERT INTO public.profiles (id, first_name, last_name, email, role_id, box_id, status) VALUES ('6d7bb93c-2af0-4da3-bbec-bbacae37bb23', 'Luis', 'Lopez', 'luis.lopez.5@example.com', 'athlete', 'fd14f401-d8a0-4ec3-b36e-e1c74676ab9e', 'active') ON CONFLICT (id) DO NOTHING;
INSERT INTO public.profiles (id, first_name, last_name, email, role_id, box_id, status) VALUES ('198102b9-4de0-405a-8ef6-5153279dfd74', 'Pedro', 'Ortiz', 'pedro.ortiz.6@example.com', 'athlete', 'fd14f401-d8a0-4ec3-b36e-e1c74676ab9e', 'active') ON CONFLICT (id) DO NOTHING;
INSERT INTO public.profiles (id, first_name, last_name, email, role_id, box_id, status) VALUES ('9b4b0149-f806-4dd0-b29e-8e6a25acc653', 'Gabriel', 'Castillo', 'gabriel.castillo.7@example.com', 'athlete', 'fd14f401-d8a0-4ec3-b36e-e1c74676ab9e', 'active') ON CONFLICT (id) DO NOTHING;
INSERT INTO public.profiles (id, first_name, last_name, email, role_id, box_id, status) VALUES ('28e857ae-3f3d-4e92-84d0-1dbfbe0a69a0', 'Juan', 'Ortiz', 'juan.ortiz.8@example.com', 'athlete', 'fd14f401-d8a0-4ec3-b36e-e1c74676ab9e', 'active') ON CONFLICT (id) DO NOTHING;
INSERT INTO public.profiles (id, first_name, last_name, email, role_id, box_id, status) VALUES ('62ffc03d-f40c-4e47-a15f-77821b88e243', 'Silvia', 'Gonzalez', 'silvia.gonzalez.9@example.com', 'athlete', 'fd14f401-d8a0-4ec3-b36e-e1c74676ab9e', 'active') ON CONFLICT (id) DO NOTHING;
INSERT INTO public.profiles (id, first_name, last_name, email, role_id, box_id, status) VALUES ('e903cb37-b69e-4367-a667-11f09c67ee03', 'Juan', 'Cruz', 'juan.cruz.10@example.com', 'athlete', 'fd14f401-d8a0-4ec3-b36e-e1c74676ab9e', 'active') ON CONFLICT (id) DO NOTHING;
INSERT INTO public.profiles (id, first_name, last_name, email, role_id, box_id, status) VALUES ('6b55eeec-48ab-4eef-9bf1-9d817ced5404', 'Silvia', 'Sanchez', 'silvia.sanchez.11@example.com', 'athlete', 'fd14f401-d8a0-4ec3-b36e-e1c74676ab9e', 'active') ON CONFLICT (id) DO NOTHING;
INSERT INTO public.profiles (id, first_name, last_name, email, role_id, box_id, status) VALUES ('82abd663-b102-43c4-b188-9e45fa735c7a', 'Luis', 'Ramirez', 'luis.ramirez.12@example.com', 'athlete', 'fd14f401-d8a0-4ec3-b36e-e1c74676ab9e', 'active') ON CONFLICT (id) DO NOTHING;
INSERT INTO public.profiles (id, first_name, last_name, email, role_id, box_id, status) VALUES ('c764f995-2d0b-4af0-a9bf-0e76916f535e', 'Gabriel', 'Torres', 'gabriel.torres.13@example.com', 'athlete', 'fd14f401-d8a0-4ec3-b36e-e1c74676ab9e', 'active') ON CONFLICT (id) DO NOTHING;
INSERT INTO public.profiles (id, first_name, last_name, email, role_id, box_id, status) VALUES ('468c04a5-30a7-408e-904c-b5408729d53f', 'Diego', 'Reyes', 'diego.reyes.14@example.com', 'athlete', 'fd14f401-d8a0-4ec3-b36e-e1c74676ab9e', 'active') ON CONFLICT (id) DO NOTHING;
INSERT INTO public.profiles (id, first_name, last_name, email, role_id, box_id, status) VALUES ('51e4fc28-c9c6-4bd2-8786-d1c252ff65eb', 'Fernando', 'Garcia', 'fernando.garcia.15@example.com', 'athlete', 'fd14f401-d8a0-4ec3-b36e-e1c74676ab9e', 'active') ON CONFLICT (id) DO NOTHING;
INSERT INTO public.profiles (id, first_name, last_name, email, role_id, box_id, status) VALUES ('2cadae36-3065-410b-bc04-d0299dc49e8b', 'Rosa', 'Flores', 'rosa.flores.16@example.com', 'athlete', 'fd14f401-d8a0-4ec3-b36e-e1c74676ab9e', 'active') ON CONFLICT (id) DO NOTHING;
INSERT INTO public.profiles (id, first_name, last_name, email, role_id, box_id, status) VALUES ('bf21a319-7d4c-423b-b6a2-20b4d316758d', 'Andres', 'Cruz', 'andres.cruz.17@example.com', 'athlete', 'fd14f401-d8a0-4ec3-b36e-e1c74676ab9e', 'active') ON CONFLICT (id) DO NOTHING;
INSERT INTO public.profiles (id, first_name, last_name, email, role_id, box_id, status) VALUES ('3fbc320e-7c63-40d2-a9c6-c34b409a978f', 'Carmen', 'Castillo', 'carmen.castillo.18@example.com', 'athlete', 'fd14f401-d8a0-4ec3-b36e-e1c74676ab9e', 'active') ON CONFLICT (id) DO NOTHING;
INSERT INTO public.profiles (id, first_name, last_name, email, role_id, box_id, status) VALUES ('a812c12f-b1d3-42cf-9e18-c8169116faa9', 'Fernando', 'Castillo', 'fernando.castillo.19@example.com', 'athlete', 'fd14f401-d8a0-4ec3-b36e-e1c74676ab9e', 'active') ON CONFLICT (id) DO NOTHING;
INSERT INTO public.profiles (id, first_name, last_name, email, role_id, box_id, status) VALUES ('af1c833c-b1ef-4b09-9450-3b84dac857f0', 'Lucia', 'Lopez', 'lucia.lopez.20@example.com', 'athlete', 'fd14f401-d8a0-4ec3-b36e-e1c74676ab9e', 'active') ON CONFLICT (id) DO NOTHING;
INSERT INTO public.profiles (id, first_name, last_name, email, role_id, box_id, status) VALUES ('5838014c-7581-4b53-8cb9-8ede82d279b3', 'Elena', 'Lopez', 'elena.lopez.21@example.com', 'athlete', 'fd14f401-d8a0-4ec3-b36e-e1c74676ab9e', 'active') ON CONFLICT (id) DO NOTHING;
INSERT INTO public.profiles (id, first_name, last_name, email, role_id, box_id, status) VALUES ('4342ac3e-654d-4cb9-a74c-bd9d08cf744f', 'Jorge', 'Flores', 'jorge.flores.22@example.com', 'athlete', 'fd14f401-d8a0-4ec3-b36e-e1c74676ab9e', 'active') ON CONFLICT (id) DO NOTHING;
INSERT INTO public.profiles (id, first_name, last_name, email, role_id, box_id, status) VALUES ('a4d68e2e-d956-4d8e-aa03-1d8f0cb53eac', 'Carla', 'Perez', 'carla.perez.23@example.com', 'athlete', 'fd14f401-d8a0-4ec3-b36e-e1c74676ab9e', 'active') ON CONFLICT (id) DO NOTHING;
INSERT INTO public.profiles (id, first_name, last_name, email, role_id, box_id, status) VALUES ('5db64cdf-deef-4142-a1b9-5656d76fe977', 'Ana', 'Reyes', 'ana.reyes.24@example.com', 'athlete', 'fd14f401-d8a0-4ec3-b36e-e1c74676ab9e', 'active') ON CONFLICT (id) DO NOTHING;
INSERT INTO public.profiles (id, first_name, last_name, email, role_id, box_id, status) VALUES ('4982b89f-f3d1-492a-b8c9-dc798cca82f5', 'Ana', 'Bravo', 'ana.bravo.25@example.com', 'athlete', 'fd14f401-d8a0-4ec3-b36e-e1c74676ab9e', 'active') ON CONFLICT (id) DO NOTHING;
INSERT INTO public.profiles (id, first_name, last_name, email, role_id, box_id, status) VALUES ('11a395e4-24c7-48b5-9b4e-ec16a033afcf', 'Juan', 'Gomez', 'juan.gomez.26@example.com', 'athlete', 'fd14f401-d8a0-4ec3-b36e-e1c74676ab9e', 'active') ON CONFLICT (id) DO NOTHING;
INSERT INTO public.profiles (id, first_name, last_name, email, role_id, box_id, status) VALUES ('01757ab7-efb3-407b-b377-36c591357bc0', 'Carmen', 'Gonzalez', 'carmen.gonzalez.27@example.com', 'athlete', 'fd14f401-d8a0-4ec3-b36e-e1c74676ab9e', 'active') ON CONFLICT (id) DO NOTHING;
INSERT INTO public.profiles (id, first_name, last_name, email, role_id, box_id, status) VALUES ('10ffed39-aefe-4e36-88bb-dd887b0fae72', 'Marta', 'Rivera', 'marta.rivera.28@example.com', 'athlete', 'fd14f401-d8a0-4ec3-b36e-e1c74676ab9e', 'active') ON CONFLICT (id) DO NOTHING;
INSERT INTO public.profiles (id, first_name, last_name, email, role_id, box_id, status) VALUES ('bec66e69-de8e-473e-b035-99ef3eb22225', 'Ricardo', 'Cruz', 'ricardo.cruz.29@example.com', 'athlete', 'fd14f401-d8a0-4ec3-b36e-e1c74676ab9e', 'active') ON CONFLICT (id) DO NOTHING;
INSERT INTO public.profiles (id, first_name, last_name, email, role_id, box_id, status) VALUES ('28393a83-71ea-40bd-aff3-4f4f87fb56c4', 'Maria', 'Reyes', 'maria.reyes.30@example.com', 'athlete', 'fd14f401-d8a0-4ec3-b36e-e1c74676ab9e', 'active') ON CONFLICT (id) DO NOTHING;
INSERT INTO public.profiles (id, first_name, last_name, email, role_id, box_id, status) VALUES ('a713006e-3b0d-4aa7-b0b1-47eeb8877e1f', 'Diego', 'Flores', 'diego.flores.31@example.com', 'athlete', 'fd14f401-d8a0-4ec3-b36e-e1c74676ab9e', 'active') ON CONFLICT (id) DO NOTHING;
INSERT INTO public.profiles (id, first_name, last_name, email, role_id, box_id, status) VALUES ('db663a8f-5a54-421a-85f1-407d57372a46', 'Pedro', 'Perez', 'pedro.perez.32@example.com', 'athlete', 'fd14f401-d8a0-4ec3-b36e-e1c74676ab9e', 'active') ON CONFLICT (id) DO NOTHING;
INSERT INTO public.profiles (id, first_name, last_name, email, role_id, box_id, status) VALUES ('b2c08775-107c-4ce3-b253-2b22826a2ac4', 'Silvia', 'Torres', 'silvia.torres.33@example.com', 'athlete', 'fd14f401-d8a0-4ec3-b36e-e1c74676ab9e', 'active') ON CONFLICT (id) DO NOTHING;
INSERT INTO public.profiles (id, first_name, last_name, email, role_id, box_id, status) VALUES ('4afd1637-f3e9-4621-b3e6-51ae12f43ae5', 'Pedro', 'Rivera', 'pedro.rivera.34@example.com', 'athlete', 'fd14f401-d8a0-4ec3-b36e-e1c74676ab9e', 'active') ON CONFLICT (id) DO NOTHING;
INSERT INTO public.profiles (id, first_name, last_name, email, role_id, box_id, status) VALUES ('ef5ab1a8-2da5-4582-b731-af9062f7f525', 'Jorge', 'Bravo', 'jorge.bravo.35@example.com', 'athlete', 'fd14f401-d8a0-4ec3-b36e-e1c74676ab9e', 'active') ON CONFLICT (id) DO NOTHING;
INSERT INTO public.profiles (id, first_name, last_name, email, role_id, box_id, status) VALUES ('d7dca112-81a4-46e7-95db-d228bfd07648', 'Marta', 'Ortiz', 'marta.ortiz.36@example.com', 'athlete', 'fd14f401-d8a0-4ec3-b36e-e1c74676ab9e', 'active') ON CONFLICT (id) DO NOTHING;
INSERT INTO public.profiles (id, first_name, last_name, email, role_id, box_id, status) VALUES ('2fddfdc1-0639-4cc2-b428-bdf209a454bd', 'Gabriel', 'Lopez', 'gabriel.lopez.37@example.com', 'athlete', 'fd14f401-d8a0-4ec3-b36e-e1c74676ab9e', 'active') ON CONFLICT (id) DO NOTHING;
INSERT INTO public.profiles (id, first_name, last_name, email, role_id, box_id, status) VALUES ('94dcc054-e3c7-4091-8fe3-4323159bf20d', 'Rosa', 'Flores', 'rosa.flores.38@example.com', 'athlete', 'fd14f401-d8a0-4ec3-b36e-e1c74676ab9e', 'active') ON CONFLICT (id) DO NOTHING;
INSERT INTO public.profiles (id, first_name, last_name, email, role_id, box_id, status) VALUES ('94337604-c17f-4ad3-9c0e-28d04c7d8883', 'Elena', 'Castillo', 'elena.castillo.39@example.com', 'athlete', 'fd14f401-d8a0-4ec3-b36e-e1c74676ab9e', 'active') ON CONFLICT (id) DO NOTHING;
INSERT INTO public.profiles (id, first_name, last_name, email, role_id, box_id, status) VALUES ('7ad3109a-ed9c-47da-8b08-73e2a6cbf15e', 'Alberto', 'Torres', 'alberto.torres.40@example.com', 'coach', 'fd14f401-d8a0-4ec3-b36e-e1c74676ab9e', 'active') ON CONFLICT (id) DO NOTHING;
INSERT INTO public.profiles (id, first_name, last_name, email, role_id, box_id, status) VALUES ('8d8e72d0-518b-4a6f-a62c-c82d5efb7199', 'Jorge', 'Lopez', 'jorge.lopez.41@example.com', 'coach', 'fd14f401-d8a0-4ec3-b36e-e1c74676ab9e', 'active') ON CONFLICT (id) DO NOTHING;
INSERT INTO public.profiles (id, first_name, last_name, email, role_id, box_id, status) VALUES ('6631047c-dfce-441a-9736-68cbc8cfa17d', 'Maria', 'Torres', 'maria.torres.42@example.com', 'coach', 'fd14f401-d8a0-4ec3-b36e-e1c74676ab9e', 'active') ON CONFLICT (id) DO NOTHING;
INSERT INTO public.profiles (id, first_name, last_name, email, role_id, box_id, status) VALUES ('0361e801-e16b-4c36-a662-3de3b1522e5e', 'Maria', 'Lopez', 'maria.lopez.43@example.com', 'coach', 'fd14f401-d8a0-4ec3-b36e-e1c74676ab9e', 'active') ON CONFLICT (id) DO NOTHING;
INSERT INTO public.profiles (id, first_name, last_name, email, role_id, box_id, status) VALUES ('e9d65ed4-4bd2-4e46-8be2-6d34716de0d4', 'Lucia', 'Martinez', 'lucia.martinez.44@example.com', 'coach', 'fd14f401-d8a0-4ec3-b36e-e1c74676ab9e', 'active') ON CONFLICT (id) DO NOTHING;
INSERT INTO public.profiles (id, first_name, last_name, email, role_id, box_id, status) VALUES ('443679c6-89fc-44e7-a94e-b97c0ff40fa4', 'Silvia', 'Rodriguez', 'silvia.rodriguez.45@example.com', 'admin', 'fd14f401-d8a0-4ec3-b36e-e1c74676ab9e', 'active') ON CONFLICT (id) DO NOTHING;
INSERT INTO public.profiles (id, first_name, last_name, email, role_id, box_id, status) VALUES ('de8f2e6e-5024-4944-a377-1ff490b436e3', 'Alberto', 'Gonzalez', 'alberto.gonzalez.46@example.com', 'admin', 'fd14f401-d8a0-4ec3-b36e-e1c74676ab9e', 'active') ON CONFLICT (id) DO NOTHING;
INSERT INTO public.profiles (id, first_name, last_name, email, role_id, box_id, status) VALUES ('4e78ee79-b9e1-4af2-b390-99adc261b7be', 'Marta', 'Flores', 'marta.flores.47@example.com', 'admin', 'fd14f401-d8a0-4ec3-b36e-e1c74676ab9e', 'active') ON CONFLICT (id) DO NOTHING;
INSERT INTO public.profiles (id, first_name, last_name, email, role_id, box_id, status) VALUES ('10cfabdc-5129-4b0e-b71b-d0f731cbf19f', 'Alberto', 'Torres', 'alberto.torres.48@example.com', 'admin', 'fd14f401-d8a0-4ec3-b36e-e1c74676ab9e', 'active') ON CONFLICT (id) DO NOTHING;
INSERT INTO public.profiles (id, first_name, last_name, email, role_id, box_id, status) VALUES ('99f07069-f15e-4d22-9cd6-50743da72bc9', 'Gabriel', 'Martinez', 'gabriel.martinez.49@example.com', 'admin', 'fd14f401-d8a0-4ec3-b36e-e1c74676ab9e', 'active') ON CONFLICT (id) DO NOTHING;
INSERT INTO public.memberships (id, athlete_id, plan_id, status, start_date, box_id) VALUES ('e986a3c9-8b6e-4c46-9e28-058ad5702580', 'a476e39d-5210-48aa-9b84-5ad7b29563ed', '882266f7-c4a8-43b6-81e6-00f87c1337a4', 'active', '2026-01-26', 'fd14f401-d8a0-4ec3-b36e-e1c74676ab9e') ON CONFLICT (id) DO NOTHING;
INSERT INTO public.memberships (id, athlete_id, plan_id, status, start_date, box_id) VALUES ('f3028869-7799-433a-a480-3d246489e5ac', '04f66a3e-1a27-48aa-8a33-d4c073e15e9e', '1b4f61a0-ee4c-483f-937f-713babecd760', 'active', '2026-01-09', 'fd14f401-d8a0-4ec3-b36e-e1c74676ab9e') ON CONFLICT (id) DO NOTHING;
INSERT INTO public.memberships (id, athlete_id, plan_id, status, start_date, box_id) VALUES ('a6c06e13-86ea-42cb-8d02-4ee0623a4898', '001615b0-5d94-4fa2-96bd-d96c64db86a5', 'ba6a1085-2ee5-4dbb-bfac-ef9ad5baa785', 'active', '2026-02-01', 'fd14f401-d8a0-4ec3-b36e-e1c74676ab9e') ON CONFLICT (id) DO NOTHING;
INSERT INTO public.memberships (id, athlete_id, plan_id, status, start_date, box_id) VALUES ('c49c2caf-136d-4b5b-b0c4-b4c7eb57ab81', '88e4a2d6-2767-4935-9a7f-a4af2aba14e8', '1b4f61a0-ee4c-483f-937f-713babecd760', 'active', '2026-01-24', 'fd14f401-d8a0-4ec3-b36e-e1c74676ab9e') ON CONFLICT (id) DO NOTHING;
INSERT INTO public.memberships (id, athlete_id, plan_id, status, start_date, box_id) VALUES ('5df3e1fc-2df6-4ed3-994c-399558c162a5', '48d72d72-2293-4253-ba54-e95d3ea61fc5', '882266f7-c4a8-43b6-81e6-00f87c1337a4', 'active', '2026-01-11', 'fd14f401-d8a0-4ec3-b36e-e1c74676ab9e') ON CONFLICT (id) DO NOTHING;
INSERT INTO public.memberships (id, athlete_id, plan_id, status, start_date, box_id) VALUES ('0ab6d11c-aa74-4a36-80dc-58aeb061bf1b', '6d7bb93c-2af0-4da3-bbec-bbacae37bb23', '882266f7-c4a8-43b6-81e6-00f87c1337a4', 'active', '2026-02-01', 'fd14f401-d8a0-4ec3-b36e-e1c74676ab9e') ON CONFLICT (id) DO NOTHING;
INSERT INTO public.memberships (id, athlete_id, plan_id, status, start_date, box_id) VALUES ('cfbe98a3-ad5f-4cd6-b854-5d1956cc8aae', '198102b9-4de0-405a-8ef6-5153279dfd74', 'be718bc2-3616-4c6f-9990-ea37fa4bcffc', 'active', '2025-12-08', 'fd14f401-d8a0-4ec3-b36e-e1c74676ab9e') ON CONFLICT (id) DO NOTHING;
INSERT INTO public.memberships (id, athlete_id, plan_id, status, start_date, box_id) VALUES ('7eb27e4b-37c2-4c43-b503-c1423df17dea', '9b4b0149-f806-4dd0-b29e-8e6a25acc653', 'ba6a1085-2ee5-4dbb-bfac-ef9ad5baa785', 'active', '2025-12-09', 'fd14f401-d8a0-4ec3-b36e-e1c74676ab9e') ON CONFLICT (id) DO NOTHING;
INSERT INTO public.memberships (id, athlete_id, plan_id, status, start_date, box_id) VALUES ('c278d5fd-bef4-4cd2-bb27-6b0504898729', '28e857ae-3f3d-4e92-84d0-1dbfbe0a69a0', 'be718bc2-3616-4c6f-9990-ea37fa4bcffc', 'active', '2025-12-02', 'fd14f401-d8a0-4ec3-b36e-e1c74676ab9e') ON CONFLICT (id) DO NOTHING;
INSERT INTO public.memberships (id, athlete_id, plan_id, status, start_date, box_id) VALUES ('945724d7-7e15-448d-bdf0-cda4149e2d75', '62ffc03d-f40c-4e47-a15f-77821b88e243', '882266f7-c4a8-43b6-81e6-00f87c1337a4', 'active', '2025-12-09', 'fd14f401-d8a0-4ec3-b36e-e1c74676ab9e') ON CONFLICT (id) DO NOTHING;
INSERT INTO public.memberships (id, athlete_id, plan_id, status, start_date, box_id) VALUES ('1e7ebfbb-9dd7-4f02-9d82-d7e747780837', 'e903cb37-b69e-4367-a667-11f09c67ee03', 'ba6a1085-2ee5-4dbb-bfac-ef9ad5baa785', 'active', '2026-01-09', 'fd14f401-d8a0-4ec3-b36e-e1c74676ab9e') ON CONFLICT (id) DO NOTHING;
INSERT INTO public.memberships (id, athlete_id, plan_id, status, start_date, box_id) VALUES ('65c9e335-93a7-40c5-bdfa-611a26cc2768', '6b55eeec-48ab-4eef-9bf1-9d817ced5404', '1b4f61a0-ee4c-483f-937f-713babecd760', 'active', '2026-01-04', 'fd14f401-d8a0-4ec3-b36e-e1c74676ab9e') ON CONFLICT (id) DO NOTHING;
INSERT INTO public.memberships (id, athlete_id, plan_id, status, start_date, box_id) VALUES ('3db46d6c-345d-4004-968c-00ae407a0969', '82abd663-b102-43c4-b188-9e45fa735c7a', '92ef65fb-d12b-42c6-84a4-09d2d5a3d9ca', 'active', '2025-11-18', 'fd14f401-d8a0-4ec3-b36e-e1c74676ab9e') ON CONFLICT (id) DO NOTHING;
INSERT INTO public.memberships (id, athlete_id, plan_id, status, start_date, box_id) VALUES ('b0fe27d5-96a9-40bc-8880-553ece1db9c0', 'c764f995-2d0b-4af0-a9bf-0e76916f535e', '92ef65fb-d12b-42c6-84a4-09d2d5a3d9ca', 'active', '2025-11-26', 'fd14f401-d8a0-4ec3-b36e-e1c74676ab9e') ON CONFLICT (id) DO NOTHING;
INSERT INTO public.memberships (id, athlete_id, plan_id, status, start_date, box_id) VALUES ('40dac950-5690-482c-bbec-aa01461d8529', '468c04a5-30a7-408e-904c-b5408729d53f', '1b4f61a0-ee4c-483f-937f-713babecd760', 'active', '2026-02-09', 'fd14f401-d8a0-4ec3-b36e-e1c74676ab9e') ON CONFLICT (id) DO NOTHING;
INSERT INTO public.memberships (id, athlete_id, plan_id, status, start_date, box_id) VALUES ('b825e5f4-1794-420e-8c73-abd82f651a71', '51e4fc28-c9c6-4bd2-8786-d1c252ff65eb', '882266f7-c4a8-43b6-81e6-00f87c1337a4', 'active', '2026-01-10', 'fd14f401-d8a0-4ec3-b36e-e1c74676ab9e') ON CONFLICT (id) DO NOTHING;
INSERT INTO public.memberships (id, athlete_id, plan_id, status, start_date, box_id) VALUES ('ef07824b-1cb0-42a5-9e53-241d1480fc3b', '2cadae36-3065-410b-bc04-d0299dc49e8b', 'be718bc2-3616-4c6f-9990-ea37fa4bcffc', 'active', '2025-12-08', 'fd14f401-d8a0-4ec3-b36e-e1c74676ab9e') ON CONFLICT (id) DO NOTHING;
INSERT INTO public.memberships (id, athlete_id, plan_id, status, start_date, box_id) VALUES ('5e07802c-3eec-4288-b9f8-f9576d2484e5', 'bf21a319-7d4c-423b-b6a2-20b4d316758d', 'ba6a1085-2ee5-4dbb-bfac-ef9ad5baa785', 'active', '2025-12-28', 'fd14f401-d8a0-4ec3-b36e-e1c74676ab9e') ON CONFLICT (id) DO NOTHING;
INSERT INTO public.memberships (id, athlete_id, plan_id, status, start_date, box_id) VALUES ('d438a65f-d271-49e0-b399-0f59a16bb27d', '3fbc320e-7c63-40d2-a9c6-c34b409a978f', '1b4f61a0-ee4c-483f-937f-713babecd760', 'active', '2025-11-15', 'fd14f401-d8a0-4ec3-b36e-e1c74676ab9e') ON CONFLICT (id) DO NOTHING;
INSERT INTO public.memberships (id, athlete_id, plan_id, status, start_date, box_id) VALUES ('4787f04e-7f32-44a8-a107-afe94eb86594', 'a812c12f-b1d3-42cf-9e18-c8169116faa9', 'be718bc2-3616-4c6f-9990-ea37fa4bcffc', 'active', '2025-11-29', 'fd14f401-d8a0-4ec3-b36e-e1c74676ab9e') ON CONFLICT (id) DO NOTHING;
INSERT INTO public.memberships (id, athlete_id, plan_id, status, start_date, box_id) VALUES ('cae870d0-7767-4699-87b2-c035899d20f1', 'af1c833c-b1ef-4b09-9450-3b84dac857f0', 'be718bc2-3616-4c6f-9990-ea37fa4bcffc', 'active', '2025-11-08', 'fd14f401-d8a0-4ec3-b36e-e1c74676ab9e') ON CONFLICT (id) DO NOTHING;
INSERT INTO public.memberships (id, athlete_id, plan_id, status, start_date, box_id) VALUES ('24b2941e-b3a9-4e03-ba58-0d523aa80272', '5838014c-7581-4b53-8cb9-8ede82d279b3', '1b4f61a0-ee4c-483f-937f-713babecd760', 'active', '2026-01-01', 'fd14f401-d8a0-4ec3-b36e-e1c74676ab9e') ON CONFLICT (id) DO NOTHING;
INSERT INTO public.memberships (id, athlete_id, plan_id, status, start_date, box_id) VALUES ('e5a59296-5985-4e22-bbb2-b02526bbdc22', '4342ac3e-654d-4cb9-a74c-bd9d08cf744f', 'ba6a1085-2ee5-4dbb-bfac-ef9ad5baa785', 'active', '2025-11-05', 'fd14f401-d8a0-4ec3-b36e-e1c74676ab9e') ON CONFLICT (id) DO NOTHING;
INSERT INTO public.memberships (id, athlete_id, plan_id, status, start_date, box_id) VALUES ('6c49bca8-88cf-4584-a9b1-f273881ae268', 'a4d68e2e-d956-4d8e-aa03-1d8f0cb53eac', 'ba6a1085-2ee5-4dbb-bfac-ef9ad5baa785', 'active', '2026-02-05', 'fd14f401-d8a0-4ec3-b36e-e1c74676ab9e') ON CONFLICT (id) DO NOTHING;
INSERT INTO public.memberships (id, athlete_id, plan_id, status, start_date, box_id) VALUES ('1e5971d8-07a8-4af8-a0c6-33e27ec1e766', '5db64cdf-deef-4142-a1b9-5656d76fe977', '1b4f61a0-ee4c-483f-937f-713babecd760', 'active', '2025-12-25', 'fd14f401-d8a0-4ec3-b36e-e1c74676ab9e') ON CONFLICT (id) DO NOTHING;
INSERT INTO public.memberships (id, athlete_id, plan_id, status, start_date, box_id) VALUES ('c8931e10-022e-404c-825a-ee724173c582', '4982b89f-f3d1-492a-b8c9-dc798cca82f5', '92ef65fb-d12b-42c6-84a4-09d2d5a3d9ca', 'active', '2026-01-28', 'fd14f401-d8a0-4ec3-b36e-e1c74676ab9e') ON CONFLICT (id) DO NOTHING;
INSERT INTO public.memberships (id, athlete_id, plan_id, status, start_date, box_id) VALUES ('a6e7ec40-1bdc-4e31-aea8-09b1f552db6b', '11a395e4-24c7-48b5-9b4e-ec16a033afcf', '92ef65fb-d12b-42c6-84a4-09d2d5a3d9ca', 'active', '2025-11-18', 'fd14f401-d8a0-4ec3-b36e-e1c74676ab9e') ON CONFLICT (id) DO NOTHING;
INSERT INTO public.memberships (id, athlete_id, plan_id, status, start_date, box_id) VALUES ('80df3445-3f8c-4052-8a69-9b01451fceb7', '01757ab7-efb3-407b-b377-36c591357bc0', '92ef65fb-d12b-42c6-84a4-09d2d5a3d9ca', 'active', '2025-11-26', 'fd14f401-d8a0-4ec3-b36e-e1c74676ab9e') ON CONFLICT (id) DO NOTHING;
INSERT INTO public.memberships (id, athlete_id, plan_id, status, start_date, box_id) VALUES ('02d6dbbb-a95b-4237-9ecf-53bea1a046d2', '10ffed39-aefe-4e36-88bb-dd887b0fae72', 'ba6a1085-2ee5-4dbb-bfac-ef9ad5baa785', 'active', '2025-11-09', 'fd14f401-d8a0-4ec3-b36e-e1c74676ab9e') ON CONFLICT (id) DO NOTHING;
INSERT INTO public.memberships (id, athlete_id, plan_id, status, start_date, box_id) VALUES ('823c2c72-0c46-4420-881b-04d1a4fa69f2', 'bec66e69-de8e-473e-b035-99ef3eb22225', '882266f7-c4a8-43b6-81e6-00f87c1337a4', 'active', '2025-12-26', 'fd14f401-d8a0-4ec3-b36e-e1c74676ab9e') ON CONFLICT (id) DO NOTHING;
INSERT INTO public.memberships (id, athlete_id, plan_id, status, start_date, box_id) VALUES ('30ebeb14-0f81-4d62-84b5-3f7b36daad07', '28393a83-71ea-40bd-aff3-4f4f87fb56c4', 'be718bc2-3616-4c6f-9990-ea37fa4bcffc', 'active', '2026-02-08', 'fd14f401-d8a0-4ec3-b36e-e1c74676ab9e') ON CONFLICT (id) DO NOTHING;
INSERT INTO public.memberships (id, athlete_id, plan_id, status, start_date, box_id) VALUES ('f71aa646-cb92-491e-8b3f-6aad18b2f4fb', 'a713006e-3b0d-4aa7-b0b1-47eeb8877e1f', '92ef65fb-d12b-42c6-84a4-09d2d5a3d9ca', 'active', '2026-01-29', 'fd14f401-d8a0-4ec3-b36e-e1c74676ab9e') ON CONFLICT (id) DO NOTHING;
INSERT INTO public.memberships (id, athlete_id, plan_id, status, start_date, box_id) VALUES ('143878a1-fdab-4ab9-a2ae-a91f39c0e25f', 'db663a8f-5a54-421a-85f1-407d57372a46', 'ba6a1085-2ee5-4dbb-bfac-ef9ad5baa785', 'active', '2026-02-06', 'fd14f401-d8a0-4ec3-b36e-e1c74676ab9e') ON CONFLICT (id) DO NOTHING;
INSERT INTO public.memberships (id, athlete_id, plan_id, status, start_date, box_id) VALUES ('6e60babd-137f-4dc9-a6fa-ac7f75748d5c', 'b2c08775-107c-4ce3-b253-2b22826a2ac4', '1b4f61a0-ee4c-483f-937f-713babecd760', 'active', '2026-02-07', 'fd14f401-d8a0-4ec3-b36e-e1c74676ab9e') ON CONFLICT (id) DO NOTHING;
INSERT INTO public.memberships (id, athlete_id, plan_id, status, start_date, box_id) VALUES ('f2e93378-e667-474a-81f6-179ef86e1b63', '4afd1637-f3e9-4621-b3e6-51ae12f43ae5', '92ef65fb-d12b-42c6-84a4-09d2d5a3d9ca', 'active', '2025-12-23', 'fd14f401-d8a0-4ec3-b36e-e1c74676ab9e') ON CONFLICT (id) DO NOTHING;
INSERT INTO public.memberships (id, athlete_id, plan_id, status, start_date, box_id) VALUES ('205708f0-2463-4434-b8dd-ff65ecdda411', 'ef5ab1a8-2da5-4582-b731-af9062f7f525', '882266f7-c4a8-43b6-81e6-00f87c1337a4', 'active', '2025-12-24', 'fd14f401-d8a0-4ec3-b36e-e1c74676ab9e') ON CONFLICT (id) DO NOTHING;
INSERT INTO public.memberships (id, athlete_id, plan_id, status, start_date, box_id) VALUES ('39caddcc-4089-416e-a442-3bd16092d4bf', 'd7dca112-81a4-46e7-95db-d228bfd07648', 'ba6a1085-2ee5-4dbb-bfac-ef9ad5baa785', 'active', '2025-11-27', 'fd14f401-d8a0-4ec3-b36e-e1c74676ab9e') ON CONFLICT (id) DO NOTHING;
INSERT INTO public.memberships (id, athlete_id, plan_id, status, start_date, box_id) VALUES ('e3ed4471-373d-4938-b644-2332e1a7c890', '2fddfdc1-0639-4cc2-b428-bdf209a454bd', '92ef65fb-d12b-42c6-84a4-09d2d5a3d9ca', 'active', '2026-01-22', 'fd14f401-d8a0-4ec3-b36e-e1c74676ab9e') ON CONFLICT (id) DO NOTHING;
INSERT INTO public.memberships (id, athlete_id, plan_id, status, start_date, box_id) VALUES ('c8702ebe-8032-4413-8913-7d21583f0177', '94dcc054-e3c7-4091-8fe3-4323159bf20d', '92ef65fb-d12b-42c6-84a4-09d2d5a3d9ca', 'active', '2026-01-13', 'fd14f401-d8a0-4ec3-b36e-e1c74676ab9e') ON CONFLICT (id) DO NOTHING;
INSERT INTO public.memberships (id, athlete_id, plan_id, status, start_date, box_id) VALUES ('d85c2a74-37a8-46b1-b5c2-e9ffb8725361', '94337604-c17f-4ad3-9c0e-28d04c7d8883', 'ba6a1085-2ee5-4dbb-bfac-ef9ad5baa785', 'active', '2026-01-28', 'fd14f401-d8a0-4ec3-b36e-e1c74676ab9e') ON CONFLICT (id) DO NOTHING;
INSERT INTO public.expenses (id, description, amount, category, date, box_id) VALUES ('77bb3645-57b6-4460-9cc7-fc2c1d267f72', 'Expense 1: Electricity', 161, 'Insurance', '2026-01-27', 'fd14f401-d8a0-4ec3-b36e-e1c74676ab9e') ON CONFLICT (id) DO NOTHING;
INSERT INTO public.expenses (id, description, amount, category, date, box_id) VALUES ('5454c162-6beb-4feb-ba4d-287c2a561bd7', 'Expense 2: New plates', 492, 'Equipment', '2026-01-17', 'fd14f401-d8a0-4ec3-b36e-e1c74676ab9e') ON CONFLICT (id) DO NOTHING;
INSERT INTO public.expenses (id, description, amount, category, date, box_id) VALUES ('d9fda090-68f6-4305-8f4a-045b184b203e', 'Expense 3: Electricity', 239, 'Equipment', '2026-01-30', 'fd14f401-d8a0-4ec3-b36e-e1c74676ab9e') ON CONFLICT (id) DO NOTHING;
INSERT INTO public.expenses (id, description, amount, category, date, box_id) VALUES ('80b6baf8-fe2e-462a-9683-35aff0e0f7be', 'Expense 4: Electricity', 422, 'Rent', '2026-01-20', 'fd14f401-d8a0-4ec3-b36e-e1c74676ab9e') ON CONFLICT (id) DO NOTHING;
INSERT INTO public.expenses (id, description, amount, category, date, box_id) VALUES ('3e49ae6b-d40a-4c3d-a27e-62b9d69c9058', 'Expense 5: Water', 109, 'Insurance', '2026-01-30', 'fd14f401-d8a0-4ec3-b36e-e1c74676ab9e') ON CONFLICT (id) DO NOTHING;
INSERT INTO public.expenses (id, description, amount, category, date, box_id) VALUES ('fea891c7-8394-44fa-9a08-1baceca6c88a', 'Expense 6: Water', 57, 'Rent', '2026-01-17', 'fd14f401-d8a0-4ec3-b36e-e1c74676ab9e') ON CONFLICT (id) DO NOTHING;
INSERT INTO public.expenses (id, description, amount, category, date, box_id) VALUES ('4857c75a-d01a-46ba-bd81-28c06163f048', 'Expense 7: Water', 162, 'Marketing', '2026-01-22', 'fd14f401-d8a0-4ec3-b36e-e1c74676ab9e') ON CONFLICT (id) DO NOTHING;
INSERT INTO public.expenses (id, description, amount, category, date, box_id) VALUES ('67f36f77-3faa-4662-bba4-f2522544fc02', 'Expense 8: New plates', 96, 'Insurance', '2026-01-27', 'fd14f401-d8a0-4ec3-b36e-e1c74676ab9e') ON CONFLICT (id) DO NOTHING;
INSERT INTO public.expenses (id, description, amount, category, date, box_id) VALUES ('01b4f32c-84a6-4a2a-aa79-e16b79ee064c', 'Expense 9: Facebook Ads', 180, 'Marketing', '2026-02-01', 'fd14f401-d8a0-4ec3-b36e-e1c74676ab9e') ON CONFLICT (id) DO NOTHING;
INSERT INTO public.expenses (id, description, amount, category, date, box_id) VALUES ('1632928e-4288-428a-88d5-3227084f6879', 'Expense 10: Facebook Ads', 420, 'Utilities', '2026-01-15', 'fd14f401-d8a0-4ec3-b36e-e1c74676ab9e') ON CONFLICT (id) DO NOTHING;
INSERT INTO public.expenses (id, description, amount, category, date, box_id) VALUES ('1479e3cc-43c3-46df-9f7a-c0eb04a57c40', 'Expense 11: New plates', 228, 'Insurance', '2026-01-13', 'fd14f401-d8a0-4ec3-b36e-e1c74676ab9e') ON CONFLICT (id) DO NOTHING;
INSERT INTO public.expenses (id, description, amount, category, date, box_id) VALUES ('c6cb1def-138f-4e78-902f-226015268b1e', 'Expense 12: Facebook Ads', 220, 'Insurance', '2026-01-13', 'fd14f401-d8a0-4ec3-b36e-e1c74676ab9e') ON CONFLICT (id) DO NOTHING;
INSERT INTO public.expenses (id, description, amount, category, date, box_id) VALUES ('ff50137d-c341-4e78-8a31-32eab81ae563', 'Expense 13: Coach salary', 206, 'Salaries', '2026-02-02', 'fd14f401-d8a0-4ec3-b36e-e1c74676ab9e') ON CONFLICT (id) DO NOTHING;
INSERT INTO public.expenses (id, description, amount, category, date, box_id) VALUES ('48bb3c62-ed7c-4cf4-84a4-7f02fe0fb604', 'Expense 14: Electricity', 356, 'Insurance', '2026-02-07', 'fd14f401-d8a0-4ec3-b36e-e1c74676ab9e') ON CONFLICT (id) DO NOTHING;
INSERT INTO public.expenses (id, description, amount, category, date, box_id) VALUES ('83e804ae-066a-4d44-9983-7afa56508754', 'Expense 15: Water', 275, 'Salaries', '2026-01-22', 'fd14f401-d8a0-4ec3-b36e-e1c74676ab9e') ON CONFLICT (id) DO NOTHING;
INSERT INTO public.expenses (id, description, amount, category, date, box_id) VALUES ('a47a9892-b03d-4877-92ac-16678ebd5236', 'Expense 16: Water', 279, 'Salaries', '2026-02-04', 'fd14f401-d8a0-4ec3-b36e-e1c74676ab9e') ON CONFLICT (id) DO NOTHING;
INSERT INTO public.expenses (id, description, amount, category, date, box_id) VALUES ('704146b9-eea1-4f62-ac64-03c40563d965', 'Expense 17: Coach salary', 464, 'Utilities', '2026-01-17', 'fd14f401-d8a0-4ec3-b36e-e1c74676ab9e') ON CONFLICT (id) DO NOTHING;
INSERT INTO public.expenses (id, description, amount, category, date, box_id) VALUES ('1c7d36fe-aa6b-46ae-9967-3625691d12ff', 'Expense 18: Coach salary', 469, 'Insurance', '2026-01-23', 'fd14f401-d8a0-4ec3-b36e-e1c74676ab9e') ON CONFLICT (id) DO NOTHING;
INSERT INTO public.expenses (id, description, amount, category, date, box_id) VALUES ('41081c2a-cbc4-4c60-8e2a-25d341a73c33', 'Expense 19: New plates', 388, 'Equipment', '2026-02-02', 'fd14f401-d8a0-4ec3-b36e-e1c74676ab9e') ON CONFLICT (id) DO NOTHING;
INSERT INTO public.expenses (id, description, amount, category, date, box_id) VALUES ('3e30d854-cc4b-45fe-975a-cda3af4145dd', 'Expense 20: Facebook Ads', 81, 'Marketing', '2026-01-21', 'fd14f401-d8a0-4ec3-b36e-e1c74676ab9e') ON CONFLICT (id) DO NOTHING;
INSERT INTO public.leads (id, first_name, last_name, email, status, box_id) VALUES ('1c5c102a-684b-4a3e-8b91-2feda6529805', 'Fernando', 'Cruz', 'prospect.fernando.0@gmail.com', 'new', 'fd14f401-d8a0-4ec3-b36e-e1c74676ab9e') ON CONFLICT (id) DO NOTHING;
INSERT INTO public.leads (id, first_name, last_name, email, status, box_id) VALUES ('a79c441f-b975-4a95-b729-9f3e6d63f578', 'Lucia', 'Gutierrez', 'prospect.lucia.1@gmail.com', 'new', 'fd14f401-d8a0-4ec3-b36e-e1c74676ab9e') ON CONFLICT (id) DO NOTHING;
INSERT INTO public.leads (id, first_name, last_name, email, status, box_id) VALUES ('e1848822-51be-43bc-be6e-d9bda38b68c7', 'Maria', 'Martinez', 'prospect.maria.2@gmail.com', 'new', 'fd14f401-d8a0-4ec3-b36e-e1c74676ab9e') ON CONFLICT (id) DO NOTHING;
INSERT INTO public.leads (id, first_name, last_name, email, status, box_id) VALUES ('bb36d2a1-5ab1-4854-84bf-4dc81d681d94', 'Alberto', 'Rivera', 'prospect.alberto.3@gmail.com', 'new', 'fd14f401-d8a0-4ec3-b36e-e1c74676ab9e') ON CONFLICT (id) DO NOTHING;
INSERT INTO public.leads (id, first_name, last_name, email, status, box_id) VALUES ('9e5e7a57-b300-4555-b414-0febd9a500c6', 'Diego', 'Diaz', 'prospect.diego.4@gmail.com', 'new', 'fd14f401-d8a0-4ec3-b36e-e1c74676ab9e') ON CONFLICT (id) DO NOTHING;
INSERT INTO public.leads (id, first_name, last_name, email, status, box_id) VALUES ('a44b40c1-6be5-4178-bf00-8be42c0dba9d', 'Luis', 'Sanchez', 'prospect.luis.5@gmail.com', 'new', 'fd14f401-d8a0-4ec3-b36e-e1c74676ab9e') ON CONFLICT (id) DO NOTHING;
INSERT INTO public.leads (id, first_name, last_name, email, status, box_id) VALUES ('6d5ab2fd-5fa5-4006-b831-cb4b5950c64a', 'Diego', 'Rivera', 'prospect.diego.6@gmail.com', 'new', 'fd14f401-d8a0-4ec3-b36e-e1c74676ab9e') ON CONFLICT (id) DO NOTHING;
INSERT INTO public.leads (id, first_name, last_name, email, status, box_id) VALUES ('518137f6-7a99-417d-9da1-6d57ac9126de', 'Maria', 'Gutierrez', 'prospect.maria.7@gmail.com', 'new', 'fd14f401-d8a0-4ec3-b36e-e1c74676ab9e') ON CONFLICT (id) DO NOTHING;
INSERT INTO public.leads (id, first_name, last_name, email, status, box_id) VALUES ('4a3a7dee-c571-4f17-883b-5854d77afbba', 'Silvia', 'Diaz', 'prospect.silvia.8@gmail.com', 'new', 'fd14f401-d8a0-4ec3-b36e-e1c74676ab9e') ON CONFLICT (id) DO NOTHING;
INSERT INTO public.leads (id, first_name, last_name, email, status, box_id) VALUES ('5d658317-f4fb-421b-a733-1a882e2b0b26', 'Carla', 'Garcia', 'prospect.carla.9@gmail.com', 'new', 'fd14f401-d8a0-4ec3-b36e-e1c74676ab9e') ON CONFLICT (id) DO NOTHING;
INSERT INTO public.leads (id, first_name, last_name, email, status, box_id) VALUES ('861c9eee-929f-4e6f-aac0-3fbd50e68806', 'Lucia', 'Flores', 'prospect.lucia.10@gmail.com', 'new', 'fd14f401-d8a0-4ec3-b36e-e1c74676ab9e') ON CONFLICT (id) DO NOTHING;
INSERT INTO public.leads (id, first_name, last_name, email, status, box_id) VALUES ('e787a079-a289-437f-a3b6-ab8e7954c06a', 'Marta', 'Castillo', 'prospect.marta.11@gmail.com', 'new', 'fd14f401-d8a0-4ec3-b36e-e1c74676ab9e') ON CONFLICT (id) DO NOTHING;
INSERT INTO public.leads (id, first_name, last_name, email, status, box_id) VALUES ('491abb01-0ca4-4040-a5a3-96078f002784', 'Pedro', 'Flores', 'prospect.pedro.12@gmail.com', 'new', 'fd14f401-d8a0-4ec3-b36e-e1c74676ab9e') ON CONFLICT (id) DO NOTHING;
INSERT INTO public.leads (id, first_name, last_name, email, status, box_id) VALUES ('4e54ed87-5180-4027-9674-f16fda4a0e7a', 'Lucia', 'Gutierrez', 'prospect.lucia.13@gmail.com', 'new', 'fd14f401-d8a0-4ec3-b36e-e1c74676ab9e') ON CONFLICT (id) DO NOTHING;
INSERT INTO public.leads (id, first_name, last_name, email, status, box_id) VALUES ('35b2ae9d-760b-479b-aacb-9c7dd1bd9638', 'Luis', 'Lopez', 'prospect.luis.14@gmail.com', 'new', 'fd14f401-d8a0-4ec3-b36e-e1c74676ab9e') ON CONFLICT (id) DO NOTHING;
INSERT INTO public.competitions (id, name, start_date, end_date, box_id, status) VALUES ('ec7a2cbf-215f-44e9-ba69-1cb639118b92', 'Championship 2026', '2026-03-12', '2026-03-17', 'fd14f401-d8a0-4ec3-b36e-e1c74676ab9e', 'upcoming') ON CONFLICT (id) DO NOTHING;
INSERT INTO public.competitions (id, name, start_date, end_date, box_id, status) VALUES ('cad167b8-4e01-47c3-8b0d-2d7d54b68eaa', 'Championship 2025', '2025-11-02', '2025-11-07', 'fd14f401-d8a0-4ec3-b36e-e1c74676ab9e', 'completed') ON CONFLICT (id) DO NOTHING;
INSERT INTO public.movements (id, name, category, box_id, image_url) VALUES ('1c3caf7b-1d23-45be-97a7-50d2e3030354', 'Back Squat', 'Weightlifting', 'fd14f401-d8a0-4ec3-b36e-e1c74676ab9e', '/movements/back-squat.png') ON CONFLICT (id) DO UPDATE SET image_url = EXCLUDED.image_url;
INSERT INTO public.movements (id, name, category, box_id, image_url) VALUES ('a2b3c4d5-e6f7-4a8b-9c0d-1e2f3a4b5c6d', 'Front Squat', 'Weightlifting', 'fd14f401-d8a0-4ec3-b36e-e1c74676ab9e', '/movements/front-squat.png') ON CONFLICT (id) DO UPDATE SET image_url = EXCLUDED.image_url;
INSERT INTO public.movements (id, name, category, box_id, image_url) VALUES ('b3c4d5e6-f7a8-4b9c-0d1e-2f3a4b5c6d7e', 'Overhead Squat', 'Weightlifting', 'fd14f401-d8a0-4ec3-b36e-e1c74676ab9e', '/movements/overhead-squat.png') ON CONFLICT (id) DO UPDATE SET image_url = EXCLUDED.image_url;
INSERT INTO public.movements (id, name, category, box_id, image_url) VALUES ('c4d5e6f7-a8b9-4c0d-1e2f-3a4b5c6d7e8f', 'Deadlift', 'Weightlifting', 'fd14f401-d8a0-4ec3-b36e-e1c74676ab9e', '/movements/deadlift.png') ON CONFLICT (id) DO UPDATE SET image_url = EXCLUDED.image_url;
INSERT INTO public.movements (id, name, category, box_id, image_url) VALUES ('d5e6f7a8-b9c0-4d1e-2f3a-4b5c6d7e8f90', 'Clean', 'Weightlifting', 'fd14f401-d8a0-4ec3-b36e-e1c74676ab9e', '/movements/clean.png') ON CONFLICT (id) DO UPDATE SET image_url = EXCLUDED.image_url;
INSERT INTO public.movements (id, name, category, box_id, image_url) VALUES ('e6f7a8b9-c0d1-4e2f-3a4b-5c6d7e8f9001', 'Clean & Jerk', 'Weightlifting', 'fd14f401-d8a0-4ec3-b36e-e1c74676ab9e', '/movements/clean-and-jerk.png') ON CONFLICT (id) DO UPDATE SET image_url = EXCLUDED.image_url;
INSERT INTO public.movements (id, name, category, box_id, image_url) VALUES ('f7a8b9c0-d1e2-4f3a-4b5c-6d7e8f900112', 'Snatch', 'Weightlifting', 'fd14f401-d8a0-4ec3-b36e-e1c74676ab9e', '/movements/snatch.png') ON CONFLICT (id) DO UPDATE SET image_url = EXCLUDED.image_url;
INSERT INTO public.movements (id, name, category, box_id, image_url) VALUES ('08b9c0d1-e2f3-4a4b-5c6d-7e8f90011223', 'Push Press', 'Weightlifting', 'fd14f401-d8a0-4ec3-b36e-e1c74676ab9e', '/movements/push-press.png') ON CONFLICT (id) DO UPDATE SET image_url = EXCLUDED.image_url;
INSERT INTO public.movements (id, name, category, box_id, image_url) VALUES ('19c0d1e2-f3a4-4b5c-6d7e-8f9001122334', 'Thruster', 'Weightlifting', 'fd14f401-d8a0-4ec3-b36e-e1c74676ab9e', '/movements/thruster.png') ON CONFLICT (id) DO UPDATE SET image_url = EXCLUDED.image_url;
INSERT INTO public.movements (id, name, category, box_id, image_url) VALUES ('2ad1e2f3-a4b5-4c6d-7e8f-900112233445', 'Pull-Up', 'Gymnastics', 'fd14f401-d8a0-4ec3-b36e-e1c74676ab9e', '/movements/pull-up.png') ON CONFLICT (id) DO UPDATE SET image_url = EXCLUDED.image_url;
INSERT INTO public.movements (id, name, category, box_id, image_url) VALUES ('3be2f3a4-b5c6-4d7e-8f90-011223344556', 'Muscle-Up', 'Gymnastics', 'fd14f401-d8a0-4ec3-b36e-e1c74676ab9e', '/movements/muscle-up.png') ON CONFLICT (id) DO UPDATE SET image_url = EXCLUDED.image_url;
INSERT INTO public.movements (id, name, category, box_id, image_url) VALUES ('4cf3a4b5-c6d7-4e8f-9001-122334455667', 'Handstand Push-Up', 'Gymnastics', 'fd14f401-d8a0-4ec3-b36e-e1c74676ab9e', '/movements/handstand-push-up.png') ON CONFLICT (id) DO UPDATE SET image_url = EXCLUDED.image_url;
INSERT INTO public.movements (id, name, category, box_id, image_url) VALUES ('5da4b5c6-d7e8-4f90-0112-233445566778', 'Toes-to-Bar', 'Gymnastics', 'fd14f401-d8a0-4ec3-b36e-e1c74676ab9e', '/movements/toes-to-bar.png') ON CONFLICT (id) DO UPDATE SET image_url = EXCLUDED.image_url;
INSERT INTO public.movements (id, name, category, box_id, image_url) VALUES ('6eb5c6d7-e8f9-4001-1223-344556677889', 'Box Jump', 'Gymnastics', 'fd14f401-d8a0-4ec3-b36e-e1c74676ab9e', '/movements/box-jump.png') ON CONFLICT (id) DO UPDATE SET image_url = EXCLUDED.image_url;
INSERT INTO public.movements (id, name, category, box_id, image_url) VALUES ('7fc6d7e8-f900-4112-2334-45566778899a', 'Double Under', 'Monostructural', 'fd14f401-d8a0-4ec3-b36e-e1c74676ab9e', '/movements/double-under.png') ON CONFLICT (id) DO UPDATE SET image_url = EXCLUDED.image_url;
INSERT INTO public.movements (id, name, category, box_id, image_url) VALUES ('80d7e8f9-0011-4223-3445-5667788990ab', 'Rowing', 'Monostructural', 'fd14f401-d8a0-4ec3-b36e-e1c74676ab9e', '/movements/rowing.png') ON CONFLICT (id) DO UPDATE SET image_url = EXCLUDED.image_url;
INSERT INTO public.movements (id, name, category, box_id, image_url) VALUES ('91e8f900-1122-4334-4556-6778899aabbc', 'Assault Bike', 'Monostructural', 'fd14f401-d8a0-4ec3-b36e-e1c74676ab9e', '/movements/assault-bike.png') ON CONFLICT (id) DO UPDATE SET image_url = EXCLUDED.image_url;
INSERT INTO public.movements (id, name, category, box_id, image_url) VALUES ('a2f90011-2233-4445-5667-78899aabbccd', 'Running', 'Monostructural', 'fd14f401-d8a0-4ec3-b36e-e1c74676ab9e', '/movements/running.png') ON CONFLICT (id) DO UPDATE SET image_url = EXCLUDED.image_url;
INSERT INTO public.movements (id, name, category, box_id, image_url) VALUES ('b3001122-3344-4556-6778-899aabbccdde', 'Wall Ball', 'Accessory', 'fd14f401-d8a0-4ec3-b36e-e1c74676ab9e', '/movements/wall-ball.png') ON CONFLICT (id) DO UPDATE SET image_url = EXCLUDED.image_url;
INSERT INTO public.movements (id, name, category, box_id, image_url) VALUES ('c4112233-4455-4667-7889-9aabbccddeef', 'Burpee', 'Accessory', 'fd14f401-d8a0-4ec3-b36e-e1c74676ab9e', '/movements/burpee.png') ON CONFLICT (id) DO UPDATE SET image_url = EXCLUDED.image_url;
INSERT INTO public.personal_records (id, user_id, movement_id, value, date) VALUES ('92b47744-7898-4655-80e6-c278c62bb469', 'b2c08775-107c-4ce3-b253-2b22826a2ac4', '1c3caf7b-1d23-45be-97a7-50d2e3030354', 229, '2025-10-27') ON CONFLICT (id) DO NOTHING;
INSERT INTO public.personal_records (id, user_id, movement_id, value, date) VALUES ('1a27302b-b927-483c-a36f-02e7828f4d29', '5838014c-7581-4b53-8cb9-8ede82d279b3', '1c3caf7b-1d23-45be-97a7-50d2e3030354', 253, '2025-11-26') ON CONFLICT (id) DO NOTHING;
INSERT INTO public.personal_records (id, user_id, movement_id, value, date) VALUES ('31063703-eede-4816-b406-cf2e8a67332b', '468c04a5-30a7-408e-904c-b5408729d53f', '1c3caf7b-1d23-45be-97a7-50d2e3030354', 130, '2026-01-10') ON CONFLICT (id) DO NOTHING;
INSERT INTO public.personal_records (id, user_id, movement_id, value, date) VALUES ('03e730d7-bf1d-44aa-8949-3ab7e511a3ef', '001615b0-5d94-4fa2-96bd-d96c64db86a5', '1c3caf7b-1d23-45be-97a7-50d2e3030354', 110, '2025-09-20') ON CONFLICT (id) DO NOTHING;
INSERT INTO public.personal_records (id, user_id, movement_id, value, date) VALUES ('76f425f0-5c73-4830-9d05-8a58256c2fa5', '198102b9-4de0-405a-8ef6-5153279dfd74', '1c3caf7b-1d23-45be-97a7-50d2e3030354', 302, '2025-12-18') ON CONFLICT (id) DO NOTHING;
INSERT INTO public.personal_records (id, user_id, movement_id, value, date) VALUES ('0d053f69-3bc1-4b4e-a7d4-edb87ca46b88', 'bec66e69-de8e-473e-b035-99ef3eb22225', '1c3caf7b-1d23-45be-97a7-50d2e3030354', 407, '2025-10-25') ON CONFLICT (id) DO NOTHING;
INSERT INTO public.personal_records (id, user_id, movement_id, value, date) VALUES ('772b242b-08eb-4ffd-b866-d00ff5c1aa77', 'd7dca112-81a4-46e7-95db-d228bfd07648', '1c3caf7b-1d23-45be-97a7-50d2e3030354', 127, '2025-09-09') ON CONFLICT (id) DO NOTHING;
INSERT INTO public.personal_records (id, user_id, movement_id, value, date) VALUES ('c05e66f6-3ff7-4186-90a8-7f61905a59cd', '10ffed39-aefe-4e36-88bb-dd887b0fae72', '1c3caf7b-1d23-45be-97a7-50d2e3030354', 495, '2025-12-07') ON CONFLICT (id) DO NOTHING;
INSERT INTO public.personal_records (id, user_id, movement_id, value, date) VALUES ('a055466f-6562-469a-99af-1695805344f4', 'a4d68e2e-d956-4d8e-aa03-1d8f0cb53eac', '1c3caf7b-1d23-45be-97a7-50d2e3030354', 393, '2025-10-11') ON CONFLICT (id) DO NOTHING;
INSERT INTO public.personal_records (id, user_id, movement_id, value, date) VALUES ('338bf9d0-025c-4642-88c6-183f3634c0d0', 'bec66e69-de8e-473e-b035-99ef3eb22225', '1c3caf7b-1d23-45be-97a7-50d2e3030354', 472, '2025-09-30') ON CONFLICT (id) DO NOTHING;
INSERT INTO public.personal_records (id, user_id, movement_id, value, date) VALUES ('e94b1c02-e87d-428d-9dcc-05ba5499c546', 'b2c08775-107c-4ce3-b253-2b22826a2ac4', '1c3caf7b-1d23-45be-97a7-50d2e3030354', 382, '2025-11-04') ON CONFLICT (id) DO NOTHING;
INSERT INTO public.personal_records (id, user_id, movement_id, value, date) VALUES ('5c82fe18-3d36-4a68-a883-e4086b0a5c1b', '6b55eeec-48ab-4eef-9bf1-9d817ced5404', '1c3caf7b-1d23-45be-97a7-50d2e3030354', 466, '2025-08-25') ON CONFLICT (id) DO NOTHING;
INSERT INTO public.personal_records (id, user_id, movement_id, value, date) VALUES ('edf27a0b-b106-4a4e-9732-906ce67884cd', 'bf21a319-7d4c-423b-b6a2-20b4d316758d', '1c3caf7b-1d23-45be-97a7-50d2e3030354', 458, '2025-08-21') ON CONFLICT (id) DO NOTHING;
INSERT INTO public.personal_records (id, user_id, movement_id, value, date) VALUES ('5a02cc92-2227-4d35-9fa1-c6a24e28d864', '48d72d72-2293-4253-ba54-e95d3ea61fc5', '1c3caf7b-1d23-45be-97a7-50d2e3030354', 304, '2025-09-05') ON CONFLICT (id) DO NOTHING;
INSERT INTO public.personal_records (id, user_id, movement_id, value, date) VALUES ('4cf7d19b-57d1-4a29-a166-9292a69d5d2a', '88e4a2d6-2767-4935-9a7f-a4af2aba14e8', '1c3caf7b-1d23-45be-97a7-50d2e3030354', 101, '2025-09-28') ON CONFLICT (id) DO NOTHING;
INSERT INTO public.personal_records (id, user_id, movement_id, value, date) VALUES ('fbaf2730-dac3-4cef-849b-bf3d420ebe73', '10ffed39-aefe-4e36-88bb-dd887b0fae72', '1c3caf7b-1d23-45be-97a7-50d2e3030354', 138, '2025-11-26') ON CONFLICT (id) DO NOTHING;
INSERT INTO public.personal_records (id, user_id, movement_id, value, date) VALUES ('edef1921-b8e5-4ac6-8047-1e46003f20da', '04f66a3e-1a27-48aa-8a33-d4c073e15e9e', '1c3caf7b-1d23-45be-97a7-50d2e3030354', 188, '2025-09-25') ON CONFLICT (id) DO NOTHING;
INSERT INTO public.personal_records (id, user_id, movement_id, value, date) VALUES ('c5f5f09e-1b05-486e-bec9-ee67a18b7355', 'ef5ab1a8-2da5-4582-b731-af9062f7f525', '1c3caf7b-1d23-45be-97a7-50d2e3030354', 297, '2025-09-09') ON CONFLICT (id) DO NOTHING;
INSERT INTO public.personal_records (id, user_id, movement_id, value, date) VALUES ('cda0027d-d96e-4b41-b3dd-9b07d2deee4c', 'd7dca112-81a4-46e7-95db-d228bfd07648', '1c3caf7b-1d23-45be-97a7-50d2e3030354', 252, '2025-12-12') ON CONFLICT (id) DO NOTHING;
INSERT INTO public.personal_records (id, user_id, movement_id, value, date) VALUES ('b550121c-4916-46d8-9966-2c78e4a3285e', 'a713006e-3b0d-4aa7-b0b1-47eeb8877e1f', '1c3caf7b-1d23-45be-97a7-50d2e3030354', 187, '2025-09-21') ON CONFLICT (id) DO NOTHING;
INSERT INTO public.personal_records (id, user_id, movement_id, value, date) VALUES ('f02513a7-45bc-468f-811d-5ff81f79f797', 'db663a8f-5a54-421a-85f1-407d57372a46', '1c3caf7b-1d23-45be-97a7-50d2e3030354', 386, '2025-11-16') ON CONFLICT (id) DO NOTHING;
INSERT INTO public.personal_records (id, user_id, movement_id, value, date) VALUES ('994dfffd-5bd1-45a7-9309-00b84f7f8181', '4afd1637-f3e9-4621-b3e6-51ae12f43ae5', '1c3caf7b-1d23-45be-97a7-50d2e3030354', 387, '2025-10-17') ON CONFLICT (id) DO NOTHING;
INSERT INTO public.personal_records (id, user_id, movement_id, value, date) VALUES ('e919374d-da22-4b86-ba1c-a0a3063abe60', 'bf21a319-7d4c-423b-b6a2-20b4d316758d', '1c3caf7b-1d23-45be-97a7-50d2e3030354', 206, '2025-10-10') ON CONFLICT (id) DO NOTHING;
INSERT INTO public.personal_records (id, user_id, movement_id, value, date) VALUES ('e9f69cdd-ea19-4acf-8f51-cd205721715e', '9b4b0149-f806-4dd0-b29e-8e6a25acc653', '1c3caf7b-1d23-45be-97a7-50d2e3030354', 150, '2025-12-02') ON CONFLICT (id) DO NOTHING;
INSERT INTO public.personal_records (id, user_id, movement_id, value, date) VALUES ('4d07b3f7-9664-484e-ad69-b4909a8fe7b6', '51e4fc28-c9c6-4bd2-8786-d1c252ff65eb', '1c3caf7b-1d23-45be-97a7-50d2e3030354', 196, '2025-10-18') ON CONFLICT (id) DO NOTHING;
INSERT INTO public.personal_records (id, user_id, movement_id, value, date) VALUES ('cdd8e08c-ad8b-4526-94b5-929df98b50be', '62ffc03d-f40c-4e47-a15f-77821b88e243', '1c3caf7b-1d23-45be-97a7-50d2e3030354', 348, '2025-08-15') ON CONFLICT (id) DO NOTHING;
INSERT INTO public.personal_records (id, user_id, movement_id, value, date) VALUES ('2588347d-6d54-4ebd-bbe1-24bb186d6da1', 'd7dca112-81a4-46e7-95db-d228bfd07648', '1c3caf7b-1d23-45be-97a7-50d2e3030354', 496, '2025-08-14') ON CONFLICT (id) DO NOTHING;
INSERT INTO public.personal_records (id, user_id, movement_id, value, date) VALUES ('8bf33a5d-9262-4edb-968f-0cc348cf84ad', '82abd663-b102-43c4-b188-9e45fa735c7a', '1c3caf7b-1d23-45be-97a7-50d2e3030354', 326, '2026-02-10') ON CONFLICT (id) DO NOTHING;
INSERT INTO public.personal_records (id, user_id, movement_id, value, date) VALUES ('e7c6daf3-9453-4a9a-923f-700c3eca54f1', '5db64cdf-deef-4142-a1b9-5656d76fe977', '1c3caf7b-1d23-45be-97a7-50d2e3030354', 217, '2026-02-02') ON CONFLICT (id) DO NOTHING;
INSERT INTO public.personal_records (id, user_id, movement_id, value, date) VALUES ('8a50c8e5-8192-4a33-9efc-d5542fad6b9a', '3fbc320e-7c63-40d2-a9c6-c34b409a978f', '1c3caf7b-1d23-45be-97a7-50d2e3030354', 198, '2026-02-10') ON CONFLICT (id) DO NOTHING;
INSERT INTO public.personal_records (id, user_id, movement_id, value, date) VALUES ('985d73fe-49f5-40ea-8ce9-8ddc00be7f57', 'a713006e-3b0d-4aa7-b0b1-47eeb8877e1f', '1c3caf7b-1d23-45be-97a7-50d2e3030354', 292, '2025-09-06') ON CONFLICT (id) DO NOTHING;
INSERT INTO public.personal_records (id, user_id, movement_id, value, date) VALUES ('19f5e8f9-db0b-4b16-8f1c-96792bba0060', '01757ab7-efb3-407b-b377-36c591357bc0', '1c3caf7b-1d23-45be-97a7-50d2e3030354', 411, '2025-11-06') ON CONFLICT (id) DO NOTHING;
INSERT INTO public.personal_records (id, user_id, movement_id, value, date) VALUES ('4e686148-7935-49f9-b0fb-2f36007554f9', '468c04a5-30a7-408e-904c-b5408729d53f', '1c3caf7b-1d23-45be-97a7-50d2e3030354', 459, '2025-12-19') ON CONFLICT (id) DO NOTHING;
INSERT INTO public.personal_records (id, user_id, movement_id, value, date) VALUES ('db4619bf-166c-40cb-84a7-370c730ef771', '4342ac3e-654d-4cb9-a74c-bd9d08cf744f', '1c3caf7b-1d23-45be-97a7-50d2e3030354', 413, '2025-11-04') ON CONFLICT (id) DO NOTHING;
INSERT INTO public.personal_records (id, user_id, movement_id, value, date) VALUES ('aee74510-c077-4562-9853-bdc929d56462', '10ffed39-aefe-4e36-88bb-dd887b0fae72', '1c3caf7b-1d23-45be-97a7-50d2e3030354', 438, '2025-11-17') ON CONFLICT (id) DO NOTHING;
INSERT INTO public.personal_records (id, user_id, movement_id, value, date) VALUES ('1f3fcdd8-ef53-41e3-9a5d-8df08fb86841', 'a812c12f-b1d3-42cf-9e18-c8169116faa9', '1c3caf7b-1d23-45be-97a7-50d2e3030354', 497, '2026-01-03') ON CONFLICT (id) DO NOTHING;
INSERT INTO public.personal_records (id, user_id, movement_id, value, date) VALUES ('72445074-edfa-4720-8121-11d7f991c036', '5db64cdf-deef-4142-a1b9-5656d76fe977', '1c3caf7b-1d23-45be-97a7-50d2e3030354', 250, '2025-11-24') ON CONFLICT (id) DO NOTHING;
INSERT INTO public.personal_records (id, user_id, movement_id, value, date) VALUES ('4f702401-93e4-4538-ae6a-eafcc67cc0b8', '62ffc03d-f40c-4e47-a15f-77821b88e243', '1c3caf7b-1d23-45be-97a7-50d2e3030354', 308, '2025-09-11') ON CONFLICT (id) DO NOTHING;
INSERT INTO public.personal_records (id, user_id, movement_id, value, date) VALUES ('99f4be22-fa44-4172-a50b-2995d33ee20a', '4982b89f-f3d1-492a-b8c9-dc798cca82f5', '1c3caf7b-1d23-45be-97a7-50d2e3030354', 306, '2026-02-06') ON CONFLICT (id) DO NOTHING;
INSERT INTO public.personal_records (id, user_id, movement_id, value, date) VALUES ('bae92ce0-140a-4623-aa40-f9bf56c5f2c1', '001615b0-5d94-4fa2-96bd-d96c64db86a5', '1c3caf7b-1d23-45be-97a7-50d2e3030354', 388, '2025-09-01') ON CONFLICT (id) DO NOTHING;
INSERT INTO public.personal_records (id, user_id, movement_id, value, date) VALUES ('efb5dc69-765b-4afa-8137-54437c283fd7', '4982b89f-f3d1-492a-b8c9-dc798cca82f5', '1c3caf7b-1d23-45be-97a7-50d2e3030354', 480, '2025-08-26') ON CONFLICT (id) DO NOTHING;
INSERT INTO public.personal_records (id, user_id, movement_id, value, date) VALUES ('0f832b8c-bfb7-4aae-b1ea-fd838d74bac2', 'c764f995-2d0b-4af0-a9bf-0e76916f535e', '1c3caf7b-1d23-45be-97a7-50d2e3030354', 249, '2025-10-13') ON CONFLICT (id) DO NOTHING;
INSERT INTO public.personal_records (id, user_id, movement_id, value, date) VALUES ('5f9f6fe1-eeec-43eb-820c-6591c494fa6f', '94dcc054-e3c7-4091-8fe3-4323159bf20d', '1c3caf7b-1d23-45be-97a7-50d2e3030354', 117, '2025-10-29') ON CONFLICT (id) DO NOTHING;
INSERT INTO public.personal_records (id, user_id, movement_id, value, date) VALUES ('d9695a8d-bbeb-4836-8343-e38b4fa52548', '88e4a2d6-2767-4935-9a7f-a4af2aba14e8', '1c3caf7b-1d23-45be-97a7-50d2e3030354', 234, '2026-01-01') ON CONFLICT (id) DO NOTHING;
INSERT INTO public.personal_records (id, user_id, movement_id, value, date) VALUES ('6024f56b-7b44-449f-8e03-ec8b29c382df', '2cadae36-3065-410b-bc04-d0299dc49e8b', '1c3caf7b-1d23-45be-97a7-50d2e3030354', 158, '2025-11-13') ON CONFLICT (id) DO NOTHING;
INSERT INTO public.personal_records (id, user_id, movement_id, value, date) VALUES ('29831244-5013-4831-a1ac-daa7fa120e19', 'bec66e69-de8e-473e-b035-99ef3eb22225', '1c3caf7b-1d23-45be-97a7-50d2e3030354', 400, '2025-09-14') ON CONFLICT (id) DO NOTHING;
INSERT INTO public.personal_records (id, user_id, movement_id, value, date) VALUES ('b101d3ff-dec9-48e1-aca9-79813f3ea1e6', '5838014c-7581-4b53-8cb9-8ede82d279b3', '1c3caf7b-1d23-45be-97a7-50d2e3030354', 255, '2026-01-08') ON CONFLICT (id) DO NOTHING;
INSERT INTO public.personal_records (id, user_id, movement_id, value, date) VALUES ('81c42749-202a-4ce7-b7e5-6c3b5df28e0f', 'af1c833c-b1ef-4b09-9450-3b84dac857f0', '1c3caf7b-1d23-45be-97a7-50d2e3030354', 217, '2025-11-05') ON CONFLICT (id) DO NOTHING;
INSERT INTO public.personal_records (id, user_id, movement_id, value, date) VALUES ('88946d43-b1c0-4b1b-8107-8726a9734c1d', '94337604-c17f-4ad3-9c0e-28d04c7d8883', '1c3caf7b-1d23-45be-97a7-50d2e3030354', 299, '2026-02-01') ON CONFLICT (id) DO NOTHING;
INSERT INTO public.personal_records (id, user_id, movement_id, value, date) VALUES ('b2f52760-99e0-441d-80ab-94239ffaf3af', 'af1c833c-b1ef-4b09-9450-3b84dac857f0', '1c3caf7b-1d23-45be-97a7-50d2e3030354', 158, '2026-01-12') ON CONFLICT (id) DO NOTHING;
INSERT INTO public.personal_records (id, user_id, movement_id, value, date) VALUES ('11f8b282-c1fb-4621-9d23-9e7606604842', 'a476e39d-5210-48aa-9b84-5ad7b29563ed', '1c3caf7b-1d23-45be-97a7-50d2e3030354', 131, '2025-09-22') ON CONFLICT (id) DO NOTHING;
INSERT INTO public.personal_records (id, user_id, movement_id, value, date) VALUES ('aa1b0c7a-5475-4769-a45f-53ed87e51f25', '82abd663-b102-43c4-b188-9e45fa735c7a', '1c3caf7b-1d23-45be-97a7-50d2e3030354', 291, '2026-01-10') ON CONFLICT (id) DO NOTHING;
INSERT INTO public.personal_records (id, user_id, movement_id, value, date) VALUES ('56b1ed57-4982-46f5-9b76-3d7bb221177b', '94337604-c17f-4ad3-9c0e-28d04c7d8883', '1c3caf7b-1d23-45be-97a7-50d2e3030354', 227, '2025-12-23') ON CONFLICT (id) DO NOTHING;
INSERT INTO public.personal_records (id, user_id, movement_id, value, date) VALUES ('d1e5c7b1-1879-4783-a1b0-0df50d255886', 'db663a8f-5a54-421a-85f1-407d57372a46', '1c3caf7b-1d23-45be-97a7-50d2e3030354', 473, '2026-01-08') ON CONFLICT (id) DO NOTHING;
INSERT INTO public.personal_records (id, user_id, movement_id, value, date) VALUES ('07555ea9-8003-4dd5-99b0-db153aea5e6c', '4afd1637-f3e9-4621-b3e6-51ae12f43ae5', '1c3caf7b-1d23-45be-97a7-50d2e3030354', 401, '2026-01-11') ON CONFLICT (id) DO NOTHING;
INSERT INTO public.personal_records (id, user_id, movement_id, value, date) VALUES ('7ea68cd3-5e73-43a8-b19f-d2c729774be2', 'af1c833c-b1ef-4b09-9450-3b84dac857f0', '1c3caf7b-1d23-45be-97a7-50d2e3030354', 315, '2026-01-16') ON CONFLICT (id) DO NOTHING;
INSERT INTO public.personal_records (id, user_id, movement_id, value, date) VALUES ('eee2d9ad-6daf-4e1d-ae62-54b57298550e', 'bec66e69-de8e-473e-b035-99ef3eb22225', '1c3caf7b-1d23-45be-97a7-50d2e3030354', 151, '2026-01-25') ON CONFLICT (id) DO NOTHING;
INSERT INTO public.personal_records (id, user_id, movement_id, value, date) VALUES ('99c0bf51-79ec-40b8-bc98-7efa32686a5a', '2cadae36-3065-410b-bc04-d0299dc49e8b', '1c3caf7b-1d23-45be-97a7-50d2e3030354', 152, '2025-10-28') ON CONFLICT (id) DO NOTHING;
INSERT INTO public.personal_records (id, user_id, movement_id, value, date) VALUES ('5c0255b8-3331-4d10-8573-b8949c80618f', 'a713006e-3b0d-4aa7-b0b1-47eeb8877e1f', '1c3caf7b-1d23-45be-97a7-50d2e3030354', 460, '2025-12-07') ON CONFLICT (id) DO NOTHING;
INSERT INTO public.personal_records (id, user_id, movement_id, value, date) VALUES ('c00b8fbc-3c41-4232-acea-ea7a35308af5', 'db663a8f-5a54-421a-85f1-407d57372a46', '1c3caf7b-1d23-45be-97a7-50d2e3030354', 338, '2025-12-12') ON CONFLICT (id) DO NOTHING;
INSERT INTO public.personal_records (id, user_id, movement_id, value, date) VALUES ('00e4d409-8dd0-4ca9-b9f8-78dec455265b', 'c764f995-2d0b-4af0-a9bf-0e76916f535e', '1c3caf7b-1d23-45be-97a7-50d2e3030354', 262, '2025-12-23') ON CONFLICT (id) DO NOTHING;
INSERT INTO public.personal_records (id, user_id, movement_id, value, date) VALUES ('16cf7295-05d4-417b-9ee6-c6310c19e36e', 'c764f995-2d0b-4af0-a9bf-0e76916f535e', '1c3caf7b-1d23-45be-97a7-50d2e3030354', 122, '2025-12-13') ON CONFLICT (id) DO NOTHING;
INSERT INTO public.personal_records (id, user_id, movement_id, value, date) VALUES ('9ba845eb-494b-4495-bd6e-a356faf4d7e3', 'a4d68e2e-d956-4d8e-aa03-1d8f0cb53eac', '1c3caf7b-1d23-45be-97a7-50d2e3030354', 409, '2025-12-26') ON CONFLICT (id) DO NOTHING;
INSERT INTO public.personal_records (id, user_id, movement_id, value, date) VALUES ('1e765d03-8d8a-4edf-952f-c2a9abe06cdd', '48d72d72-2293-4253-ba54-e95d3ea61fc5', '1c3caf7b-1d23-45be-97a7-50d2e3030354', 408, '2025-08-31') ON CONFLICT (id) DO NOTHING;
INSERT INTO public.personal_records (id, user_id, movement_id, value, date) VALUES ('5630e6bf-67a9-48cd-88e3-36fe5fe350ac', 'bec66e69-de8e-473e-b035-99ef3eb22225', '1c3caf7b-1d23-45be-97a7-50d2e3030354', 191, '2026-01-14') ON CONFLICT (id) DO NOTHING;
INSERT INTO public.personal_records (id, user_id, movement_id, value, date) VALUES ('014ad59d-70ff-4dc3-bd37-1e16ff96387d', '9b4b0149-f806-4dd0-b29e-8e6a25acc653', '1c3caf7b-1d23-45be-97a7-50d2e3030354', 380, '2026-01-20') ON CONFLICT (id) DO NOTHING;
INSERT INTO public.personal_records (id, user_id, movement_id, value, date) VALUES ('3db7aca2-44fb-4058-af4a-e1b9280ae3fd', '28393a83-71ea-40bd-aff3-4f4f87fb56c4', '1c3caf7b-1d23-45be-97a7-50d2e3030354', 385, '2025-10-23') ON CONFLICT (id) DO NOTHING;
INSERT INTO public.personal_records (id, user_id, movement_id, value, date) VALUES ('71ace67e-9a4b-4ced-b7b9-99c561cd0498', '4342ac3e-654d-4cb9-a74c-bd9d08cf744f', '1c3caf7b-1d23-45be-97a7-50d2e3030354', 192, '2025-11-09') ON CONFLICT (id) DO NOTHING;
INSERT INTO public.personal_records (id, user_id, movement_id, value, date) VALUES ('713d34c9-bfe8-4150-931c-fda6c2a282cc', '94dcc054-e3c7-4091-8fe3-4323159bf20d', '1c3caf7b-1d23-45be-97a7-50d2e3030354', 131, '2025-11-26') ON CONFLICT (id) DO NOTHING;
INSERT INTO public.personal_records (id, user_id, movement_id, value, date) VALUES ('6773262a-6c7c-4d79-905e-41c2f8ba3550', '6d7bb93c-2af0-4da3-bbec-bbacae37bb23', '1c3caf7b-1d23-45be-97a7-50d2e3030354', 306, '2026-01-02') ON CONFLICT (id) DO NOTHING;
INSERT INTO public.personal_records (id, user_id, movement_id, value, date) VALUES ('820407d7-13cf-43fa-a0e9-4d528361e99a', 'db663a8f-5a54-421a-85f1-407d57372a46', '1c3caf7b-1d23-45be-97a7-50d2e3030354', 329, '2025-11-03') ON CONFLICT (id) DO NOTHING;
INSERT INTO public.personal_records (id, user_id, movement_id, value, date) VALUES ('257b3098-512b-4b84-8bd5-82630e0b9b77', 'd7dca112-81a4-46e7-95db-d228bfd07648', '1c3caf7b-1d23-45be-97a7-50d2e3030354', 336, '2025-08-28') ON CONFLICT (id) DO NOTHING;
INSERT INTO public.personal_records (id, user_id, movement_id, value, date) VALUES ('9e9b0c3d-3687-48fe-b744-479737adfe8a', 'b2c08775-107c-4ce3-b253-2b22826a2ac4', '1c3caf7b-1d23-45be-97a7-50d2e3030354', 192, '2025-11-05') ON CONFLICT (id) DO NOTHING;
INSERT INTO public.personal_records (id, user_id, movement_id, value, date) VALUES ('f4b60859-7b0a-49c7-b35a-9d39861aed24', '62ffc03d-f40c-4e47-a15f-77821b88e243', '1c3caf7b-1d23-45be-97a7-50d2e3030354', 205, '2025-12-28') ON CONFLICT (id) DO NOTHING;
INSERT INTO public.personal_records (id, user_id, movement_id, value, date) VALUES ('ac106935-5f57-4a34-a3f8-998085d8e7d3', 'af1c833c-b1ef-4b09-9450-3b84dac857f0', '1c3caf7b-1d23-45be-97a7-50d2e3030354', 306, '2025-10-19') ON CONFLICT (id) DO NOTHING;
INSERT INTO public.personal_records (id, user_id, movement_id, value, date) VALUES ('338f020a-941c-4320-8c82-f0c10c4e687c', '51e4fc28-c9c6-4bd2-8786-d1c252ff65eb', '1c3caf7b-1d23-45be-97a7-50d2e3030354', 468, '2025-10-11') ON CONFLICT (id) DO NOTHING;
INSERT INTO public.personal_records (id, user_id, movement_id, value, date) VALUES ('903da2b4-1d59-418d-8d20-57fd378a5670', '468c04a5-30a7-408e-904c-b5408729d53f', '1c3caf7b-1d23-45be-97a7-50d2e3030354', 218, '2026-01-16') ON CONFLICT (id) DO NOTHING;
INSERT INTO public.personal_records (id, user_id, movement_id, value, date) VALUES ('2d3cea0d-ba0a-4789-b44a-323655fc52ef', '62ffc03d-f40c-4e47-a15f-77821b88e243', '1c3caf7b-1d23-45be-97a7-50d2e3030354', 354, '2025-08-27') ON CONFLICT (id) DO NOTHING;
INSERT INTO public.personal_records (id, user_id, movement_id, value, date) VALUES ('8de7ead8-990d-4748-8d18-fcf107f9cd26', '28393a83-71ea-40bd-aff3-4f4f87fb56c4', '1c3caf7b-1d23-45be-97a7-50d2e3030354', 487, '2025-12-11') ON CONFLICT (id) DO NOTHING;
INSERT INTO public.personal_records (id, user_id, movement_id, value, date) VALUES ('286da62c-c568-4eef-b321-b87754766266', '82abd663-b102-43c4-b188-9e45fa735c7a', '1c3caf7b-1d23-45be-97a7-50d2e3030354', 363, '2025-10-26') ON CONFLICT (id) DO NOTHING;
INSERT INTO public.personal_records (id, user_id, movement_id, value, date) VALUES ('bd4326e3-a42d-47b5-bd2f-8add8d2f8b7d', 'bec66e69-de8e-473e-b035-99ef3eb22225', '1c3caf7b-1d23-45be-97a7-50d2e3030354', 170, '2025-11-11') ON CONFLICT (id) DO NOTHING;
INSERT INTO public.personal_records (id, user_id, movement_id, value, date) VALUES ('c7193b37-5ee6-456e-aaeb-68409baeeef5', '01757ab7-efb3-407b-b377-36c591357bc0', '1c3caf7b-1d23-45be-97a7-50d2e3030354', 408, '2025-10-16') ON CONFLICT (id) DO NOTHING;
INSERT INTO public.personal_records (id, user_id, movement_id, value, date) VALUES ('611dcf92-48fe-43f1-8277-2c7c36882788', '468c04a5-30a7-408e-904c-b5408729d53f', '1c3caf7b-1d23-45be-97a7-50d2e3030354', 468, '2026-01-27') ON CONFLICT (id) DO NOTHING;
INSERT INTO public.personal_records (id, user_id, movement_id, value, date) VALUES ('bc092445-6ac2-4e91-9056-888eb0693c81', '88e4a2d6-2767-4935-9a7f-a4af2aba14e8', '1c3caf7b-1d23-45be-97a7-50d2e3030354', 117, '2025-09-05') ON CONFLICT (id) DO NOTHING;
INSERT INTO public.personal_records (id, user_id, movement_id, value, date) VALUES ('abfbaabd-e29d-4166-9f72-6eff7be6fa5d', 'bf21a319-7d4c-423b-b6a2-20b4d316758d', '1c3caf7b-1d23-45be-97a7-50d2e3030354', 493, '2025-10-09') ON CONFLICT (id) DO NOTHING;
INSERT INTO public.personal_records (id, user_id, movement_id, value, date) VALUES ('064bc675-3559-4e77-8d51-35b96c9909df', 'b2c08775-107c-4ce3-b253-2b22826a2ac4', '1c3caf7b-1d23-45be-97a7-50d2e3030354', 288, '2025-11-10') ON CONFLICT (id) DO NOTHING;
INSERT INTO public.personal_records (id, user_id, movement_id, value, date) VALUES ('c4ed8788-d133-45a4-81ea-a87e87fe6e3e', '3fbc320e-7c63-40d2-a9c6-c34b409a978f', '1c3caf7b-1d23-45be-97a7-50d2e3030354', 155, '2025-11-06') ON CONFLICT (id) DO NOTHING;
INSERT INTO public.personal_records (id, user_id, movement_id, value, date) VALUES ('e39625ec-4727-4d65-82c3-b66a65c0c35f', '28393a83-71ea-40bd-aff3-4f4f87fb56c4', '1c3caf7b-1d23-45be-97a7-50d2e3030354', 166, '2025-08-18') ON CONFLICT (id) DO NOTHING;
INSERT INTO public.personal_records (id, user_id, movement_id, value, date) VALUES ('eea5788a-be93-4efd-909f-8083e0ecc58c', '28e857ae-3f3d-4e92-84d0-1dbfbe0a69a0', '1c3caf7b-1d23-45be-97a7-50d2e3030354', 402, '2025-11-02') ON CONFLICT (id) DO NOTHING;
INSERT INTO public.personal_records (id, user_id, movement_id, value, date) VALUES ('69480509-937a-48eb-9623-27365ab3d99a', '28393a83-71ea-40bd-aff3-4f4f87fb56c4', '1c3caf7b-1d23-45be-97a7-50d2e3030354', 473, '2025-08-24') ON CONFLICT (id) DO NOTHING;
INSERT INTO public.personal_records (id, user_id, movement_id, value, date) VALUES ('2b58d962-3dce-4198-af85-3c1cdc1c5a82', '2cadae36-3065-410b-bc04-d0299dc49e8b', '1c3caf7b-1d23-45be-97a7-50d2e3030354', 494, '2026-02-10') ON CONFLICT (id) DO NOTHING;
INSERT INTO public.personal_records (id, user_id, movement_id, value, date) VALUES ('c248effb-d51b-44ca-bd96-193c152f38d4', '4afd1637-f3e9-4621-b3e6-51ae12f43ae5', '1c3caf7b-1d23-45be-97a7-50d2e3030354', 450, '2025-10-22') ON CONFLICT (id) DO NOTHING;
INSERT INTO public.personal_records (id, user_id, movement_id, value, date) VALUES ('61ceb2c0-0b66-4c47-8ee1-d0d429b72533', '51e4fc28-c9c6-4bd2-8786-d1c252ff65eb', '1c3caf7b-1d23-45be-97a7-50d2e3030354', 318, '2025-10-17') ON CONFLICT (id) DO NOTHING;
INSERT INTO public.personal_records (id, user_id, movement_id, value, date) VALUES ('a21ef200-0bc1-4ddc-b4cb-e01f1973ac54', 'af1c833c-b1ef-4b09-9450-3b84dac857f0', '1c3caf7b-1d23-45be-97a7-50d2e3030354', 277, '2025-09-13') ON CONFLICT (id) DO NOTHING;
INSERT INTO public.personal_records (id, user_id, movement_id, value, date) VALUES ('9c52a212-2796-46ef-88d3-3f6adbb55f25', '001615b0-5d94-4fa2-96bd-d96c64db86a5', '1c3caf7b-1d23-45be-97a7-50d2e3030354', 369, '2025-10-18') ON CONFLICT (id) DO NOTHING;
INSERT INTO public.personal_records (id, user_id, movement_id, value, date) VALUES ('b2c99853-c42f-40a1-824e-1e7b81cb6d35', '01757ab7-efb3-407b-b377-36c591357bc0', '1c3caf7b-1d23-45be-97a7-50d2e3030354', 165, '2025-11-26') ON CONFLICT (id) DO NOTHING;
INSERT INTO public.personal_records (id, user_id, movement_id, value, date) VALUES ('674b1478-c154-4a80-830a-62734ab40d51', '9b4b0149-f806-4dd0-b29e-8e6a25acc653', '1c3caf7b-1d23-45be-97a7-50d2e3030354', 245, '2025-11-25') ON CONFLICT (id) DO NOTHING;
INSERT INTO public.personal_records (id, user_id, movement_id, value, date) VALUES ('0c1d8e8a-0384-4a85-9efd-3116a035837b', '9b4b0149-f806-4dd0-b29e-8e6a25acc653', '1c3caf7b-1d23-45be-97a7-50d2e3030354', 446, '2025-10-06') ON CONFLICT (id) DO NOTHING;
INSERT INTO public.personal_records (id, user_id, movement_id, value, date) VALUES ('c2620d1d-046f-47f7-a752-8adbcb3200ea', '62ffc03d-f40c-4e47-a15f-77821b88e243', '1c3caf7b-1d23-45be-97a7-50d2e3030354', 333, '2025-12-02') ON CONFLICT (id) DO NOTHING;
INSERT INTO public.personal_records (id, user_id, movement_id, value, date) VALUES ('5c26e29b-37c7-40b9-9083-98d13989af81', '9b4b0149-f806-4dd0-b29e-8e6a25acc653', '1c3caf7b-1d23-45be-97a7-50d2e3030354', 226, '2025-12-25') ON CONFLICT (id) DO NOTHING;